early_indicator,late_indicator,weak_indicator
-0.001652,0.075500,0.132042
0.024135,0.001396,0.026030
0.026847,-0.041973,-0.745759
-0.006844,0.061763,-0.057579
0.023825,0.130342,-0.145074
0.052940,-0.000056,-0.021694
-0.021592,0.072059,-0.050882
0.075661,-0.005834,0.366317
-0.094958,0.070237,0.583841
-0.059773,-0.009373,0.271504
-0.041473,0.069404,-0.446060
-0.117912,0.030137,-0.347201
-0.045127,-0.006077,-0.266696
0.067852,0.015082,-0.024283
0.068102,-0.023724,-0.172376
0.011506,-0.052794,-0.141637
0.093320,-0.049173,-0.370604
0.019895,0.000952,0.378126
-0.016301,-0.048958,0.339049
0.021358,0.026106,0.380356
0.003124,0.030821,-0.033530
0.047499,0.027922,0.180587
-0.063712,-0.020337,-0.365744
0.062165,0.007455,-0.405988
-0.010012,0.003443,-0.218731
0.056516,0.070961,0.232803
-0.062501,-0.035472,-0.060608
-0.005596,-0.014283,-0.457801
0.020101,-0.006667,0.036400
0.062115,-0.002067,0.168380
-0.042975,-0.032344,0.064600
0.102147,-0.026258,-0.267117
0.043795,0.056058,0.025364
-0.005727,-0.026629,-0.168995
0.082341,0.051229,-0.130519
0.027539,0.107195,-0.036046
0.081258,0.069397,0.301216
0.140453,-0.084928,0.730019
0.063687,0.044237,0.623439
-0.000095,0.029519,0.251477
0.005943,0.032857,-0.159814
0.057359,-0.075690,-0.123151
0.043641,0.043662,-0.105906
-0.011380,-0.048767,0.461360
-0.002096,0.070456,-1.105141
0.065648,0.059339,0.104152
0.150754,0.133238,-0.795919
-0.097027,-0.013613,-0.000425
0.071771,-0.070548,0.530988
0.026117,0.058148,-0.363158
0.076744,0.049433,-0.911880
0.082278,-0.013409,0.520166
0.042661,0.073811,0.603698
-0.009642,0.040247,0.200852
-0.027547,-0.058604,0.503581
-0.050244,-0.011739,-0.319468
0.105751,-0.016431,0.470629
0.035329,0.000430,0.681889
0.019990,0.015562,0.257768
0.034318,-0.028796,0.114180
-0.017560,-0.003836,0.515129
0.065864,0.035575,0.454652
0.117799,0.002442,-0.297597
0.110026,-0.007345,0.546007
-0.023937,-0.009016,0.299907
0.123788,0.001254,0.065601
0.018669,-0.089470,0.523675
-0.037489,0.014396,0.372434
-0.002027,-0.045006,0.300694
0.012418,0.011795,-0.200751
0.061702,-0.067070,0.335846
0.011767,0.052725,-0.440880
-0.010822,0.018524,-0.047983
0.052799,-0.060829,-0.674636
0.163562,0.018670,-0.679016
0.033601,-0.031111,0.180037
0.093292,0.097027,-0.029913
0.075446,0.031586,0.036867
0.205731,-0.032727,0.239821
-0.020699,0.018458,0.143112
0.130379,0.005671,-0.351357
0.012945,0.067314,0.032649
0.048807,0.025367,-0.023471
0.075015,0.033316,-0.204550
0.240584,-0.048192,-0.046299
0.044568,0.047475,-0.142562
-0.010279,0.112671,-0.255955
0.150488,0.039931,-0.129931
0.045122,0.006198,0.097853
0.076408,0.016468,0.829237
0.088834,-0.039281,-0.322758
0.096373,0.017777,0.212892
0.084513,-0.046350,-0.580317
0.107912,0.010882,0.640316
0.115405,-0.010628,-0.128952
0.140253,-0.032660,0.060041
0.077724,0.038015,0.515553
0.063185,-0.065387,0.399751
0.048988,0.007193,-0.591968
0.133353,-0.056940,0.226950
0.102962,0.100954,-0.085986
0.134505,0.108313,0.252719
0.135330,0.051996,0.066124
0.194296,0.104653,0.299686
0.121968,0.039552,0.122155
0.150809,0.037120,-0.050466
0.054667,-0.011167,0.476371
0.062394,-0.034568,-0.611935
0.102443,0.016710,-0.167434
0.058822,-0.016344,-0.376343
0.155773,-0.011351,-0.051544
0.056284,0.047118,-0.165864
0.128005,0.004400,-0.052997
0.003339,-0.067146,-0.189842
0.072670,0.000179,-0.181395
0.112629,-0.027052,-0.651063
0.118308,-0.003494,-0.008397
0.043364,-0.043526,0.130107
0.140073,0.071504,-0.231640
0.185084,0.106777,-0.255758
0.170460,-0.043809,-0.250696
0.106834,0.044345,0.678869
0.112120,0.041960,0.082580
0.083899,-0.041514,0.162589
0.176439,0.017416,-0.112548
0.218776,0.083070,-0.192242
0.122145,0.055009,-0.343572
0.065308,0.093766,0.624835
0.161963,-0.045578,-0.672063
0.189122,-0.024250,0.128224
0.019404,0.027784,-0.001254
0.164212,0.031073,-0.093758
0.267305,0.014713,-0.617943
0.201915,-0.005713,-0.485260
0.190210,-0.006749,0.401547
0.184604,-0.016462,-0.268480
0.219411,0.036626,0.360785
0.121082,-0.123753,0.277172
0.127704,0.094385,0.241169
0.192187,-0.011826,0.314148
0.139386,-0.056791,-0.474418
0.188438,0.042126,-0.179798
0.081732,-0.055186,0.281405
0.217122,0.034561,-0.494840
0.223443,-0.004653,0.676086
0.185155,0.045152,-0.213468
0.193075,0.055270,-0.015194
0.267776,0.080727,-0.399376
0.134485,-0.008584,0.157142
0.144884,0.001827,-0.282558
0.137760,0.015977,-0.085890
0.173128,-0.053930,-0.444231
0.145729,0.046686,0.488110
0.200066,0.023707,-0.641494
0.167611,-0.049522,0.192155
0.129630,0.078279,0.106687
0.126525,0.086311,0.187131
0.266569,-0.047574,-0.396096
0.204501,0.047158,0.425816
0.198543,0.081362,0.398230
0.213209,0.061106,0.076464
0.209740,-0.029660,0.137854
0.253647,-0.050192,-0.049996
0.245943,0.014188,0.270327
0.190340,-0.004548,-0.315213
0.180651,0.020162,0.235371
0.169499,0.015724,0.176121
0.163292,0.047556,-0.550258
0.297975,-0.006525,-1.035702
0.184066,0.013742,-0.032809
0.130972,0.170573,-0.050375
0.191788,0.016015,0.501637
0.196587,0.059674,0.037623
0.254547,0.037619,-0.184365
0.195811,0.034453,-0.528996
0.268908,-0.021684,-0.020211
0.263664,0.050639,-0.218268
0.309652,0.022088,-0.425648
0.356739,0.065932,-0.032553
0.392919,0.128017,0.438584
0.320105,0.035095,0.053070
0.196674,0.064356,-0.403483
0.236551,-0.024462,0.147229
0.271251,0.032995,-0.422729
0.364388,0.105172,-0.614393
0.296932,0.025059,0.214561
0.325394,-0.003329,-0.203100
0.258658,0.039320,0.462652
0.299006,0.020251,0.141816
0.307543,0.017952,-0.304976
0.250965,0.011855,0.105500
0.314800,0.130336,0.536170
0.331633,-0.012021,-0.057334
0.272338,0.011419,-0.406112
0.333333,0.004091,-0.246053
0.366999,0.095170,-0.306504
0.290097,0.019787,-0.453483
0.288985,0.099523,-0.497889
0.275680,0.043220,0.188250
0.262392,0.034324,0.463275
0.303368,-0.036937,-0.125066
0.277178,0.097290,0.334517
0.284384,0.064400,0.383360
0.263528,0.058247,0.693864
0.227625,0.032779,-0.054060
0.259795,0.018484,-0.119087
0.325343,-0.023405,0.189379
0.251977,0.087979,0.060114
0.280982,0.054845,0.142101
0.397740,0.024161,0.540114
0.374215,0.011330,-0.150013
0.285481,0.049395,0.108517
0.352589,0.039808,-0.370387
0.292179,0.127268,-0.041458
0.408351,0.084607,-0.246798
0.299971,0.016911,-0.280281
0.335631,-0.007749,-0.064939
0.403080,0.036565,-0.155462
0.294745,0.003628,0.172002
0.403671,0.053875,0.345120
0.299882,0.071164,-0.573144
0.354979,0.083681,0.425360
0.330609,0.073608,-0.866309
0.343291,0.044230,0.123432
0.358052,0.084745,0.308788
0.348666,0.011251,-0.235395
0.303858,0.052793,-0.066529
0.400400,0.098353,-0.287377
0.395450,0.073162,0.383455
0.426272,-0.003746,-1.243088
0.433389,0.003126,-0.362479
0.299311,-0.018781,-0.748568
0.433157,0.153284,0.101814
0.436145,-0.013282,0.546370
0.347029,0.058445,0.503542
0.427899,0.158346,0.294402
0.451833,0.121557,0.126662
0.353877,0.134761,-0.278822
0.314283,0.045172,0.515201
0.367652,0.108313,0.277395
0.527677,0.224892,-0.309419
0.402272,0.072076,-0.483287
0.332172,0.095875,-0.222695
0.382662,0.060765,0.461738
0.348040,0.077218,0.529595
0.380216,0.097937,0.675808
0.407380,0.149986,-0.280439
0.276990,0.037049,-0.113971
0.425543,0.012085,0.583295
0.480714,0.086266,0.118479
0.402574,0.096745,0.336389
0.395775,0.158564,-0.497433
0.472061,0.125427,-0.116565
0.356527,0.059896,0.025124
0.360046,0.121051,-0.109879
0.355301,0.150144,-0.133556
0.419450,0.110298,-0.620750
0.449517,0.080675,0.684879
0.427788,0.133205,0.092283
0.462312,0.083359,-0.548380
0.478872,0.009501,0.465497
0.464679,0.171192,0.062424
0.401938,0.041968,0.323235
0.431492,0.091555,-0.039701
0.509839,0.094357,-0.274965
0.397627,0.095297,-0.264460
0.439830,0.099758,0.177152
0.434182,0.043951,0.350277
0.448590,0.144256,0.236911
0.406365,0.121377,0.299847
0.395241,0.124048,0.523755
0.593069,0.177795,0.158304
0.515134,0.181340,0.445964
0.434781,0.195507,0.488376
0.470042,0.223338,0.163502
0.509407,0.155765,0.017119
0.460976,0.058537,-0.125366
0.511577,0.148473,-0.431752
0.452583,0.140908,-0.572536
0.468021,0.146185,0.576444
0.484315,0.115236,0.046863
0.468289,0.103374,-0.166519
0.371138,0.190248,0.684749
0.497456,0.201580,0.443045
0.512103,0.099895,0.079202
0.525461,0.185516,0.458445
0.454585,0.152886,-0.018998
0.524135,0.144795,0.201868
0.520350,0.201295,0.787555
0.423771,0.167462,0.483601
0.404767,0.145302,-0.048469
0.541343,0.178838,0.339364
0.472471,0.079300,0.535532
0.572956,0.152647,0.016826
0.632534,0.163459,-0.102112
0.499054,0.118774,0.816469
0.496399,0.200816,-0.050734
0.532968,0.208747,-0.458618
0.569978,0.168576,0.128416
0.482143,0.193629,0.988928
0.603903,0.239326,0.328167
0.593892,0.262259,0.462051
0.580092,0.174934,-0.785468
0.522755,0.233623,-0.136436
0.598277,0.272330,0.570068
0.598042,0.222828,-0.071455
0.497856,0.189689,0.618654
0.665142,0.193935,0.284479
0.548339,0.220236,0.254095
0.584562,0.188849,0.769071
0.542636,0.345363,-0.103444
0.590835,0.220534,-0.088257
0.632344,0.272331,0.142695
0.536726,0.267053,0.188538
0.497083,0.294295,-0.577405
0.560118,0.247812,0.593963
0.520083,0.206850,0.194101
0.550229,0.358500,0.036769
0.584610,0.277565,0.352128
0.590507,0.292305,-0.054329
0.661036,0.301577,0.587647
0.548549,0.359837,0.131093
0.619719,0.340494,0.394021
0.579503,0.366125,-0.248665
0.675937,0.354041,-0.005151
0.736876,0.326167,0.254808
0.628474,0.336912,-0.272180
0.699827,0.292836,-0.158031
0.592427,0.238944,0.084830
0.541791,0.329897,0.550701
0.561070,0.294308,0.410131
0.548468,0.483505,0.467383
0.582522,0.438402,0.227178
0.621089,0.425411,0.466597
0.693451,0.345878,0.722169
0.673788,0.483005,0.173271
0.664837,0.301628,0.280230
0.623320,0.333306,0.339702
0.611274,0.361698,-0.694408
0.651899,0.359980,0.066400
0.659990,0.421772,0.273331
0.668792,0.432234,0.407712
0.677439,0.525568,-0.022282
0.655864,0.487598,0.496170
0.568399,0.506571,-0.149958
0.611762,0.474387,0.035441
0.629139,0.454181,0.778956
0.758157,0.435444,-0.434504
0.654861,0.402676,0.073578
0.712885,0.443164,0.045566
0.755257,0.476276,0.067961
0.701631,0.542284,-0.109766
0.668244,0.428801,0.362900
0.676147,0.453950,-0.325255
0.642618,0.542543,-0.426081
0.711998,0.488590,0.293636
0.756012,0.567445,-0.375561
0.731041,0.539898,0.250373
0.744062,0.532877,0.108706
0.744330,0.513976,-0.174415
0.811601,0.586274,-0.038551
0.682667,0.565064,0.059305
0.725196,0.581565,0.277825
0.755559,0.591253,-0.154863
0.785619,0.643533,0.013314
0.604848,0.652909,-0.475859
0.703092,0.571301,-0.013607
0.721766,0.660628,-0.671334
0.683707,0.700502,0.076407
0.780525,0.744664,-0.087967
0.752112,0.744196,0.929950
0.724339,0.728071,0.606327
0.665458,0.673257,0.032225
0.683982,0.704895,0.470667
0.703915,0.802365,0.204516
0.778937,0.735010,-0.368121
0.698252,0.835153,-0.879010
0.658766,0.861503,0.532621
0.692639,0.758911,0.244691
0.738697,0.848518,-0.692972
0.854994,0.835609,0.342834
0.899465,0.957586,0.453099
0.753342,0.913358,-0.185448
0.827651,0.861459,0.403341
0.853569,0.923151,-0.600177
0.850790,0.872986,-0.000189
0.783783,0.927667,0.101375
0.727580,0.962154,0.399987
0.771336,0.976333,0.246607
0.705722,1.001515,0.176282
0.813827,0.958349,0.309628
0.843849,0.928915,-0.173917
0.713407,1.021635,0.678796
0.808551,1.013688,-0.048328
0.828850,1.042153,0.405380
0.879792,1.203220,0.086558
0.889355,1.174032,-0.010172
0.863590,1.127046,0.322596
0.792295,1.084333,0.267126
0.811324,1.111691,0.626027
0.893069,1.215624,0.518725
0.805677,1.272369,-0.137347
0.836981,1.226193,0.290347
0.920259,1.269478,0.131230
0.851741,1.297961,-0.227396
0.779755,1.361429,-0.348935
0.836837,1.237402,0.193225
0.886724,1.362945,-0.122239
0.848385,1.399569,-0.462565
0.919116,1.451371,0.054358
0.928303,1.448686,0.180879
0.834817,1.399303,0.132503
0.845335,1.451222,-0.388773
0.868466,1.430414,-0.138640
0.816761,1.543126,0.640722
0.898911,1.570406,-0.214230
0.874184,1.614188,-0.036891
0.925634,1.568406,1.015655
0.859552,1.588697,0.233406
0.848755,1.751310,-0.106552
0.987823,1.713983,-0.683256
0.855161,1.822549,0.217746
0.873044,1.788138,-0.461177
0.868903,1.724548,0.084237
0.893501,1.869932,-0.252206
0.866139,1.924017,-0.574862
0.912905,1.872904,0.755366
0.883128,1.832978,0.051921
0.900748,1.996846,0.462036
0.942957,1.991551,0.390054
0.963123,2.048057,-0.197523
0.954624,1.936094,0.130277
0.897708,2.130164,-0.047900
0.957609,2.007328,0.480672
0.934970,2.139698,0.267396
0.938924,2.266259,-0.046367
0.861372,2.170329,0.759004
0.984310,2.208656,0.303353
0.947022,2.320369,0.280864
1.042577,2.466934,-0.216676
0.992534,2.507870,0.259673
0.907972,2.439916,-0.488777
0.898461,2.564320,0.282205
1.027896,2.588087,-0.276365
0.929884,2.617787,0.171408
1.011136,2.668865,-0.012564
0.965160,2.662076,0.190093
1.088681,2.786460,0.242005
0.990794,2.848390,0.076144
1.065871,2.980192,0.076975
1.060092,2.941649,-0.495602
0.973638,2.824749,-0.659608
0.983697,2.939645,0.604636
